title,alias,artists,artist_aliases,country,genre,language,duration,notes,release_year,release_month
Nuclear Seasons,,Charli XCX,,UK,Dark wave,English,282,Fx,2013,4
New,,No Doubt,,USA,Alternative Rock,English,267,Pop,2000,
Murderer,,Buju Banton,,Jamaica,Reggae,English,238,Pol,2005,
Change of Coast,,Neon Indian,,USA,Soundtrack,English,193,Pop,2013,9
All You're Waiting For (feat. Nancy Whang),,"Classixxx, Nancy Whang",,USA,Synthpop,English,258,80s,,
Bachelorette,,Björk,Bj??rk,Iceland,Orchestral Pop,English,318,Sy,1999,
Hunter,,Björk,Bj??rk,Iceland,Symphonic Pop,English,252,Sy,2001,
Move the Crowd,,Eric B. & Rakim,,USA,Hip-hop,English,228,Ox,1988,
Eric B. is President,,Eric B. & Rakim,,USA,Hip-hop,English,378,Ox,1986,
What's Your Name?,,4minute,,Korea,Kpop,Korean,186,K,,
Future Club,,Perturbator,,USA,Electronic,none,290,Fx,2024,12
Got to Be Real,,Cheryl Lynn,,USA,Disco,English,308,Cx,2005,
Scary,,Britney Spears,,Japan,Pop,English,220,Pop,,
Strawberry Letter 23,,The Brothers Johnson,,USA,Psychedelic soul,English,299,Cx,2003,
Hand to Phone (Cordless Mix),,ADULT.,,USA,Electronic,English,319,Fx,2012,11
Lựa Chọn,Lựa Chọn,Trang Pháp,Trang Ph??p,Vietnam,Viet pop,Vietnamese,309,Viet,,
Chained,,Nadine Coyle,,UK,Pop,English,239,Pop,2010,11
Insatiable,,Nadine Coyle,,UK,Pop,English,187,Pop,2010,11
Put Your Hands Up,,Nadine Coyle,,UK,Pop,English,225,Pop,2010,11
Runnin',,Nadine Coyle,,UK,Pop,English,245,Pop,2010,11
Буду с тобой,Budu s toboy,5sta Family,,Russia,Pop,Russian,209,R/U,2013,9
Boy (Hardwell Remix) (feat. Rebecca & Fiona),,"Adrian Lux, Rebecca & Fiona",,USA,Pop,English,418,Pop,,
Free Somebody,,Luna,,Korea,Kpop,Korean,199,K,2016,5
Keep on Doin',,Luna,,Korea,Kpop,Korean,193,K,2016,5
Bassline,,Miss Kittin,,France,Electropop,English,217,Fx,2013,4
Rendez-Vous d'Or,,Xeno & Oaklander,,USA,Dark wave,French,267,Fx,2009,11
Werke,,Xeno & Oaklander,,USA,Dark wave,English,222,Fx,2009,11
Insomnia,,Xeno & Oaklander,,USA,Dark wave,English,279,Fx,2019,3
난 바빠,Nan bappa,2ne1,,Korea,Kpop,Korean,216,K,,
Eyeline,,Afterschool,,Korea,Kpop,Korean,196,K,,
Situation,,Yazoo,,UK,Synthpop,English,347,80s,2003,6
It's Magic,,Girls Aloud,,UK,Pop,English,232,Pop,2025,9
Girl Overboard,,Girls Aloud,,UK,Pop,English,249,Pop,,
What You Crying For,,Girls Aloud,,UK,Pop,English,223,Pop,,
Memory of You,,Girls Aloud,,UK,Pop,English,227,Pop,,
How's This?,,HyunA,,Korea,Korean Trap,Korean,199,K,,
Stalker,,Covenant,,Sweden,Industrial,English,327,Industrial,2000,12
Vitamin D,,Monatik,,Ukraine,Pop,Russian,227,R/U,2019,5
Выходной,Vykhodnoy,Monatik,,Ukraine,Pop,Russian,180,R/U,2016,5
Глубоко...,Gluboko...,"Monatik, Dorofeeva",,Ukraine,Pop,Russian,252,R/U,2019,7
If you know what I mean,,"Monatik, Dorofeeva",,Ukraine,Dance pop,Ukrainian,217,R/U,2025,9
I.D.,,"Monatik, OTOY",,Ukraine,Dance pop,Ukrainian,215,R/U,2025,9
Rumor,,Kard,,Korea,Kpop,Korean,217,K,2017,4
Smalltown Boy,,Bronski Beat,,UK,Synthpop,English,302,80s,1995,
Tesko Suicide,,Sneaker Pimps,,UK,Alt dance,English,228,Pop,1996,
Invitation,,Um Jung Hwa,,Korea,Kpop,Korean,234,K,,
RSVP (feat. CHANGMO),,"HyunA, CHANGMO",,Korea,Kpop,Korean,178,Pair,,
More Bounce to the Ounce,,Zapp,,USA,Funk,English,316,Cx,2003,
Ain't No Future in Yo' Frontin',,"MC Breed, DFC",,USA,G-funk,English,245,Ox,2000,
Street Player,,Chicago,,USA,Disco,English,551,Cx,2021,3
In My Mind (feat. Crystal Waters),,"Never Dull, Crystal Waters",,USA,House,Engish,373,Fx,,
"Footsteps in the Dark, Pts. 1 & 2",,The Isley Brothers,,USA,R&B,English,306,Cx,,
It Was a Good Day,,Ice Cube,,USA,Hip hop,English,260,Ox,2005,
Fate,,Chaka Khan,,USA,Disco,English,194,Cx,2007,10
Music Sounds Better with You,,Stardust,,France,House,English,403,Fx,2010,
Colors,,Hikaru Utada,Utada Hikaru,Japan,Synthpop,Japanese,239,J,,
テイク５,Take 5,宇多田ヒカル,Hikaru Utada,Japan,Dance pop,Japanese,225,J,,
嘘みたいな (I Love You),uso mitaina  (I Love You ),宇多田ヒカル,Hikaru Utada,Japan,Pop,Japanese,286,J,2018,12
Synrise,,Goose,,UK,Electronic,,332,Fx,2012,6
All Night Long,,Mary Jane Girls,,USA,Funk,English,334,Cx,2011,7
Buffalo Stance,,Neneh Cherry,,UK,Hip hop,English,342,Ox,1992,
Move On Up (Single Edit),,Curtis Mayfield,,USA,Progressive soul,English,173,Cx,,
We're Rocking The Planet,,Hashim,,USA,Electro,English,346,Ox,2012,
Al-Naafiysh (The Soul),,Hashim,,USA,Electro,,333,Ox,1984,
Sucker M.C.'s (Krush-Groove 1),,Run-D.M.C.,,USA,Hip hop,English,189,Ox,1984,3
Sponji Reggae,,Black Uhuru,,Jamaica,Roots reggae,English,293,Reggae,,
Columbus - 2002 Remastered Version,,Burning Spear,,Jamaica,Roots reggae,English,217,Reggae,,
Zungguzungguguzungguzeng,,Yellowman,,Jamaica,Dancehall,English,387,Reggae,2007,9
Nobody Move Nobody Get Hurt,,Yellowman,,Jamaica,Dancehall,English,223,Reggae,1994,
Funky Worm,,Ohio Players,,USA,Funk,English,161,Cx,2000,
Skin Tight,,Ohio Players,,USA,Funk,English,474,Cx,1997,
FILTH IN THE BEAUTY,,the GazettE,,Japan,Visual Kei,Japanese,251,J,2013,1
Give Up The Funk (Tear The Roof Off The Sucker),,Parliament,,USA,Funk,English,348,Cx,2018,11
Heliosphan,,Aphex Twin,,UK,Ambient,,296,Fx,,
He's the Greatest Dancer,,Sister Sledge,,USA,Disco,English,376,Cx,2000,
Get Off,,Foxy,,USA,Disco,English,244,Cx,2002,
Likey,,TWICE,,Korea,Kpop,Korean,207,K,2020,7
CHERRY,,ITZY,,Korea,Kpop,Korean,190,K,2023,8
HIP,,MAMAMOO,,Korea,Kpop,Korean,195,K,2019,11
I Can Make You Dance,,Zapp,,USA,Disco,English,239,Ox,,
Good Times,,CHIC,,USA,Disco,English,495,Ox,1996,
Natty Rebel,,U-Roy,,USA,Dub,English,204,Reggae,1990,
Moonlight Romance,,Amazulu,,UK,Soul,English,211,Reggae,1986,
Bright Lights (Netsky Remix) (feat. William Cartwright),,"Die & Interface, William Cartwright",,UK,Electronic,English,290,Fx,,
Big Brother UK TV Theme (Vocal Mix - Radio Edit),,ElementFour,,UK,Trance,English,200,Fx,,
セニョール セニョーラ セニョリータ,senyooru   senyoora   senyoriita,MIYAVI,,Japan,Pop,Japanese,263,J,2008,12
MIЯROR,MIJaROR,D'espairsRay,,Japan,Visual kei,Japanese,250,J,2007,9
Lost Scene,,D'espairsRay,,Japan,Visual kei,Japanese,268,J,2007,6
Tu Sicaria,,"Ms Nina, Beauty Brain",,Spain,Perreo,Spanish,147,Latin,2017,1
홀리가든,holligadeun,비디오로즈,bidi-olojeu,Korea,Synth pop,English,145,K,,
Afterglow,,FAKY,,Japan,Jpop,Japanese,187,J,2016,6
В ТЕМНОТЕ ТАНЦУЙ,V TEMNOTE TANTsUJ,ЯАVЬ,JaAV',Russia,Pop,Russian,240,R/U,2019,1
Taboo Tears You Up,,IOSYS,,Japan,Touhou,,218,Fx,2007,8
이브의 경고,ibeu-ui gyeonggo,박미경,bagmigyeong,Korea,Dance ballad,Korean,252,K,,
Abracadabra,,Brown Eyed Girls,,Korea,Kpop,Korean,184,K,,
Rumors,,Lindsay Lohan,,USA,Pop,English,196,cringe,2005,
With Love,,Hillary Duff,,USA,Pop,English,181,cringe,,
Boogie Shoes,,KC & The Sunshine Band,,USA,Funk,English,132,Cx,2006,
잘못된 만남,jalmosdoen mannam,김건모,gimgeonmo,Korea,Kpop,Korean,258,K/Ox,1995,1
Outside Castle (The Castle Outsiders),,에쵸티,echyoti,Korea,Kpop,Korean,326,K,,
Here I Am (Come and Take Me),,Al Green,,USA,R&B,English,257,Cx,2001,
Boogie Oogie Oogie,,A Taste Of Honey,,USA,Disco,English,337,Cx,2001,11
Let It Whip,,Dazz Band,,USA,R&B,English,281,Cx,1998,
Atomic Dog,,George Clinton,,USA,Funk,English,255,Cx,2006,
2 Legit 2 Quit (feat. Saja),,"MC Hammer, Saja",,USA,Hip hop,English,336,Ox,,
Leave You Far Behind,,Lunatic Calm,,UK,Big Beat,English,192,UK,1998,
Them Changes,,Thundercat,,USA,Funk,English,188,Funk,2022,10
Pulse (Mahjong Instrumental Mix),,Malexa,,UK,Electronic,,471,contemp,,
Get Wavey,,Redlight,,USA,Electronic,English,310,Fx,2019,
texture bath,,FM Skyline,,USA,Vaporwave,,222,Fx,2019,2
2 Phút Hơn (KAIZ Remix),2 Phút Hơn (KAIZ Remix),Pháo,Pháo,Vietnam,Electronic,Vietnamese,184,Viet,2021,11
Muito Calor,,"Ozuna, Anitta",,,Latin,Spanish,185,Latin,2019,7
Mamacita (feat. Farruko),,"Jason Derulo, Farruko",,USA,Pop,Spanish,204,Latin,,
Soy Yo,,Bomba Estéreo,Bomba Estéreo,Colombia,Electrocumbia,Spanish,159,Latin,2018,3
Um Côco,Um Côco,Zuco 103,,Netherlands,Brazilectro,,260,Latin,2015,6
野花香,nobana kaori,"莫斯滿, 老貓","baku shi man, rou ",China,Pop,Chinese,192,Cn,2019,7
Doctor,,ちゃんみな,chanmina,Japan,Hip hop,Japanese,183,J,,
FORGIVE ME,,ちゃんみな,chanmina,Japan,Pop,Japanese,143,J,2025,7
help_urself,,Ezekiel,,UK,Dnb,English,140,Fx,2021,9
"Clear (Jose ""Animal"" Diaz Remix)",,Cybotron,,USA,Electro,English,294,Ox,,
Addicted,,PIXY,,Korea,Kpop,Korean,197,K,2021,10
SWIPE,,ITZY,,Korea,Kpop,Korean,177,K,2021,9
Alcohol-Free,,TWICE,,Korea,Kpop,Korean,210,K,2023,9
SO BAD,,STAYC,,Korea,Kpop,Korean,212,K,2020,11
Shh,,After School,,Japan,Jpop,Japanese,295,K,2015,3
Arcarsenal,,At the Drive-In,,USA,Post-hardcore,English,174,Rock,,
Chicken Teriyaki,,ROSALÍA,ROSALÍA,Spain,Reggaeton,Spanish,122,Latin,2022,
moment,,Vierre Cloud,,Australia,Dnb,English,129,Fx,2019,12
Same Song,,Digital Underground,,USA,Hip hop,English,390,Ox,2009,3
B.O.T.A. (Baddest Of Them All) - Edit,,"Eliza Rose, Interplanetary Criminal",,UK,House,English,226,Fx,,
Just Be Good to Me,,the S.O.S. Band,,USA,Funk,English,250,Ox,1989,
"So Ruff, so Tuff",,Zapp,,USA,Funk,English,215,Ox,2019,3
Burn Rubber On Me (Why You Wanna Hurt Me),,The Gap Band,,USA,Funk,English,252,Ox/Cx,1996,
Operator,,Midnight Star,,USA,R&B dance,English,448,Ox,1995,
Freak-a-Zoid,,Midnight Star,,USA,Electro,English,485,Ox,1994,
Зачем,Zachem,"5sta Family, АДЛИН, Килджо","ADLYN, Kyldzho",Russia,Phonk,Russian,168,R/U,2015,7
Zachem,,"5sta Family, 6YNTHMANE, BAbyBoi",,Russia,phonk pop,Russian,112,R/U,2024,6
Ничья,Nych'ja,Nichya,,Russia,Pop,Russian,200,R/U,,
Rapid Racer,,Lone,,UK,Dance,,252,Fx,2011,3
Про красивую жизнь,Pro krasyvuju zhyzn',Банд’Эрос,Band’Эros,Russia,Pop,Russian,221,R/U,2007,
Дай пять,Daj pjat',Банд’Эрос,Band’Эros,Russia,Pop,Russian,181,R/U,2014,4
Coffin Nails,,MF DOOM,,USA,,,176,Fx,,
Hot Summer,,Monrose,,Germany,Dance pop,English,210,Pop,2025,
"Never Leave You (Uh Oooh, Uh Oooh)",,Lumidee,,USA,R&B,English,184,Pop,,
Righteous,,Mo Beats,,USA,Hip hop,,163,Fx,2022,3
Mais Que Nada,,Sergio Mendes & Brasil '66,,Brazil,Bossa Nova,Portuguese,159,Br,2016,
Kerosene,,Crystal Castles,,Canada,House,,192,Fx,2012,11
"Lying Has To Stop (feat. LA Priest, Connan Mockasin)",,"Soft Hair, LA Priest, Connan Mockasin",,,Funk pop,English,356,Contemp,,
Drowning Butterflies,,The Cleaners From Venus,,UK,Indie pop,English,300,UK,,
See Tình (Cukak Remix) (feat. Cukak),See Tình (Cukak Remix),"Hoàng Thùy Linh, Cukak",Hoàng Thùy Linh,Vietnam,V-pop,Vietnamese,170,Viet,,
Tension,,Kylie Minogue,,Australia,Dance pop,English,216,Pop,2025,9
Paso (The Nini Anthem) - Radio Edit,,Sak Noel,,Spain,Dance pop,English,197,Fx,,
Monstrão,Monstrão,"Anitta, DENNIS",,Brazil,Tamborzão,Portuguese,127,Br,2023,11
Night Nurse,,Gregory Isaacs,,Jamaica,Reggae,English,249,Reggae,1983,
Nasty,,The Damned,,UK,Punk,English,169,UK,2007,9
Coral Mimic,,Iglooghost,,UK,Industrial,English,206,Fx,,
Pedro,,"Raffaella Carrà, Jaxomy, Agatino Romero",Raffaella Carrà,,EDM,Italian,144,It,1980,
Here We Go (Uh Oh),,Coco Jones,,USA,R&B,English,216,R&B,2025,8
Ate That,,YOUNG POSSE,,Korea,Kpop,Korean,180,K,2024,8
Sounds Like a Melody,,Alphaville,,UK,Synth pop,English,285,UK,2006,3
mr useless (feat. SG Lewis),,"Shygirl, SG Lewis",,UK,Dance pop,English,149,Pop,,
thicc (feat. Cosha),,"Shygirl, Cosha",,UK,Dance pop,English,222,Pop,,
The Substance,,Raffertie,,UK,Dark ambient,,150,Fx,2024,9
Vmeste My,,"5sta Family, 6YNTHMANE, budAGE",,Russia,Dark pop,Russian,123,R/U,,
Headlock,,Imogen Heap,,UK,Electropop,English,215,Pop,2006,9
Strange Moves (feat. KAZAKY),,"The Hardkiss, KAZAKY",,Ukraine,Electropop,English,191,R/U,,
"Кохаю, але не зовсім","Kokhaju, ale ne zovsim",DOROFEEVA,,Ukraine,Dance pop,Ukrainian,199,R/U,,
Японія,Japonija,DOROFEEVA,,Ukraine,Dance pop,Ukrainian,154,R/U,2025,11
Забий,Zabyj,"Wellboy, Parfeniuk",,Ukraine,Dance pop,Ukrainian,194,R/U,,
Температура,Temperatura,"Parfeniuk, KOLA",,Ukraine,Dance pop,Ukrainian,176,R/U,,
Долоні,Doloni,Parfeniuk,,Ukraine,Dance pop,Ukrainian,164,R/U,,
Smoke Me,,"Sasha Lopez, Misha Miller",,Moldova,Pop,English,220,Pop,2020,1
Touché,Touché,"Misha Miller, SICKOTOY",,Moldova,Pop,French,151,Pop,,
Касета,Kaseta,SadSvit,,Ukraine,Post punk,Ukrainian,144,R/U,2022,10
Opr,,Gesaffelstein,,France,Dark techno,,233,Fx,2020,12
I Felt Love,,Blue Hawaii,,Canada,Synth pop,English,192,Fx,2020,9
Como La Flor,,Selena,,USA,Tejano cumbia,Spanish,184,Latin,2005,4
Cry for You,,September,,Sweden,Dance pop,English,209,Pop,2008,12
Anthonio,,Annie,,Norway,Synth pop,English,201,Fx,2009,12
Lo Siento (feat. KARD),,"SUPER JUNIOR, KARD",,Korea,Latin pop,Korean,226,"K, Latin",,
MASCARA,,"Nicki Nicole, Duki",,Argentina,Latin,Spanish,145,Latin,2024,11
Wall Of Sleep (Harvey McKay Remix) (feat. HAAi),,"Daniel Avery, HAAi",,UK,Electronic,English,293,Fx,,
Bésame,Bésame,Juan Gabriel,,Mexico,Pop,Spanish,248,Latin,1988,
Quimbara,,"Celia Cruz, Johnny Pacheco",,Cuba,Salsa,Spanish,291,Latin,2014,
Toro Mata,,"Celia Cruz, Johnny Pacheco",,Cuba,Salsa,Spanish,342,Latin,1996,
A Papá,A Papá,"Celia Cruz, Willie Colón",Willie Colón,Cuba,Salsa,Spanish,250,Latin,,
Pun Pun Catalú,Pun Pun Catalú,"Celia Cruz, Willie Colón",Willie Colón,Cuba,Salsa,Spanish,205,Latin,1993,12
Dulce Habanera,,"Celia Cruz, Willie Colón",Willie Colón,Cuba,Salsa,Spanish,246,Latin,2024,7
Movie Disco,,Felix Da Housecat,,USA,House funk,English,203,Fx,,
EXTRA,,전소미,jeonsomi,Korea,City pop,Korean,150,K,,
Sync,,TaQ,,Japan,Trance,,230,J,2003,8
I'm Ready,,Kano,,Italy,Italo disco,English,432,Ox,1990,
Forget Me Nots,,Patrice Rushen,,USA,Dance funk,English,283,Ox,2005,1
Ain't Nobody,,"Chaka Khan, Rufus",,USA,Funk,English,281,Ox,2004,2
Never Too Much,,Luther Vandross,,USA,R&B,English,230,Ox,2016,10
Ring My Bell,,Anita Ward,,USA,Disco,English,491,Ox,1995,
Bootleg,,Death Grips,,USA,Experimental,English,126,Fx,2014,1
This Is Violence Now (Don't Get Me Wrong),,Death Grips,,USA,Experimental,English,157,Fx,2013,11
Residue,,A.G. Cook,,UK,Acid techno,,208,Fx,,
Si un jour,,La Femme,,France,Synth pop,French,158,Fr,2013,4
Antes Muerta Que Sencilla,,Los Horóscopos De Durango,Los Horóscopos De Durango,USA,Duranguense,Spanish,170,Latin,,
I can't Wait,,Nu Shooz,,USA,Dance pop,English,326,80s,1999,
Mother's Talk,,Tears For Fears,,UK,New wave,English,306,80s,1985,
You Spin Me Round (Like a Record),,Dead Or Alive,,UK,Synth pop,English,195,80s,,
3 Words (feat. will.i.am),,"Cheryl Cole, will.i.am",,UK,Dance pop,English,273,Pop,,
Ready for the Weekend,,Icona Pop,,UK,Electro house,English,162,Pop,,
"Sun Goes Down (feat. The Knocks, St. Lucia)",,"Icona Pop, The Knocks, St. Lucia",,UK,Dance pop,English,195,Pop,,
Haboglabotribin',,Bernard Wright,,USA,Funk,English,259,Ox,2008,
Rip Off,,After School,,Korea,Kpop,Korean,177,K,2012,6
Happy Days,,Brooke Candy,,USA,Electro pop,English,222,Pop,2017,7
Destroy Everything You Touch,,Ladytron,,UK,Electro pop,English,276,Pop,2024,10
Good Clean Fun,,Clearlake,,UK,Indie rock,English,234,Pop,2005,12
Sun Is Shining,,"Bob Marley, The Wailers",,Jamaica,Reggae,English,298,Reggae,2004,
WHISTLE,,BLACKPINK,,Korea,Kpop,Korean,211,K,2018,12
ILYSM,,"Steve Aoki, Autoerotique",,USA,EDM,English,200,Fx,2016,10
Masterplan (feat. Miss Kittin),,"Miss Kittin, The Hacker",,France,Dance pop,English,390,Fx,,
Half Bad,,White Reaper,,USA,Alt rock,English,163,Punk,2015,
I'd Rather Be with You,,Bootsy Collins,,USA,Funk,English,297,Cx,2001,11
ALL OF YOU SAY,,MINZY,,Korea,Pop,English,151,K,2018,12
Keep Up,,Hyper Crush,,USA,Neon electro,English,193,Fx,2009,11
Flip the Switch,,Hyper Crush,,USA,Neon electro,English,203,Fx,2012,2
Take Me Back,,KaW,,USA,Electronic,English,123,IIDX+,2003,
Disconnected,,Inspector K,,USA,Electronic,English,121,IIDX+,,
Infection,,Inspector K,,USA,Electronic,English,138,IIDX+,2005,
Tension,,Inspector K,,USA,Electronic,English,120,IIDX+,,
Nóng (feat. Hạnh Sino),Nóng,"BigDaddy, Hạnh Sino",Hạnh Sino,Vietnam,V pop,Vietnamese,197,Viet,,
Paralyzed,,Agnes Monica,,Indonesia,Pop,Indonesian,217,Indo,,
I Feel Love,,Donna Summer,,USA,Disco,English,493,Cx,1977,
Give Me the Night,,George Benson,,USA,R&B,English,301,Ox,2011,
Take My Hand,,Charli XCX,,UK,Pop,English,266,Fx,2013,10
Stay Away,,Charli XCX,,UK,Dark wave,English,227,Fx,2012,5
Set Me Free (Feel My Pain),,Charli XCX,,UK,Dark wave,English,233,Fx,2013,4
Grins,,Charli XCX,,UK,Dark wave,English,232,Fx,2012,6
You're the One,,Charli XCX,,UK,Dark wave,English,195,Fx,2012,9
1999,,"Charli XCX, Troye Sivan",,UK,Pop,English,189,Fx,2020,7
Paradise (feat. Hannah Diamond),,"Charli XCX, Hannah Diamond",,UK,Dark wave,English,181,Fx,,
Secret (Shh),,Charli XCX,,UK,Pop,English,205,Fx,2016,
Dying for You,,Charli XCX,,USA,Pop,English,182,Soundtrack,2026,2
Seeing Things,,Charli XCX,,USA,Pop,English,150,Soundtrack,2026,2
Altars,,Charli XCX,,USA,Pop,English,176,Soundtrack,2026,2
Always Everywhere,,Charli XCX,,USA,Pop,English,183,Soundtrack,2026,2
Eyes of the World (feat. Sky Ferreira),,"Charli XCX, Sky Ferreira",,USA,Pop,English,223,Soundtrack,,
My Reminder,,Charli XCX,,USA,Pop,English,213,Soundtrack,2026,2
Hello goodbye,,Charli XCX,,USA,Pop,English,219,Fx,,
Sentence,,"A.G. Cook, Thy Slaughter, Finn Keane",,UK,EDM,,143,Fx,,
Magic's In The Makeup,,No Doubt,,USA,Pop,English,261,Pop,2011,10
Artificial Sweetener,,No Doubt,,USA,Pop,English,234,Pop,2000,4
Marry Me,,No Doubt,,USA,Pop,English,277,Pop,2023,5
Dark Blue,,No Doubt,,USA,Pop,English,275,POp,2000,4
What's your name?,,4minute,,Korea,Kpop,Korean,186,K,,
Get On The Floor,,4minute,,Korea,Kpop,Korean,105,K,2012,4
No Love,,4minute,,Korea,Kpop,Korean,195,K,2016,2
Blind,,4minute,,Korea,Kpop,Korean,240,K,2016,2
Canvas,,4minute,,Korea,Kpop,Korean,216,K,2016,2
Miami Disco,,Perturbator,,France,Dark synthwave,,271,Fx,2018,
1982,,"Miss Kittin, The Hacker",,France,Electroclash,English,319,Fx,,
1000 Dreams,,"Miss Kittin, The Hacker",,France,Electroclash,English,327,Fx,2009,3
Frank Sinatra,,"Miss Kittin, The Hacker",,France,Electroclash,English,235,Fx,2006,
Life on MTV,,"Miss Kittin, The Hacker",,France,Electroclash,English,265,Fx,2001,10
Bassline,,Miss Kittin,,France,Electroclash,English,216,Fx,2013,4
Inutile Éternité,Inutile Éternité,"Miss Kittin, The Hacker",,France,Electroclash,French,328,Fx,,
Blue Grass,,Miss Kittin,,France,Electroclash,English,270,Fx,2013,
Stripper,,"Miss Kittin, The Hacker",,France,Electroclash,English,299,Fx,2001,10
Indulgence,,"Miss Kittin, The Hacker",,France,Electroclash,English,250,Fx,,
Machine Joy,,Miss Kittin,,France,Electroclash,English,212,Fx,,
Sunset Strip,,Miss Kittin,,France,Electroclash,English,182,Fx,,
The Womb,,"Miss Kittin, The Hacker",,France,Electroclash,English,347,Fx,,
Malade,,"Miss Kittin, The Hacker",,France,Electroclash,French,378,Fx,,
Silver Screen Shower Scene - Laurent Garnier Remix,,"Felix Da Housecat, Laurent Garnier",,,Electro,English,482,Fx,,
박수쳐,bagsuchyeo,2NE1,,Korea,Kpop,Korean,222,K,,
SCREAM,,2NE1,,Korea,Pop,Japanese,222,K,,
Don't Stop The Music,,2NE1,,Korea,Kpop,Korean,229,K,2012,12
COME BACK HOME,,2NE1,,Korea,Kpop,Korean,229,K,2014,4
GOTTA BE YOU,,2NE1,,Korea,Kpop,Korean,231,K,2024,12
멘붕 - CL SOLO,menbung - CL SOLO,2NE1,,Korea,Kpop,Korean,195,K,,
THE BADDEST FEMALE,,CL,,Korea,Kpop,Korean,223,K,2014,12
Get Outta My House,,"HyunA, Jung Yeol Kwon",,Korea,Kpop,Korean,202,K,,
Bubble Pop!,,HyunA,,Korea,Kpop,Korean,212,K,2011,7
Roll Deep (feat. Il Hoon Jung),,"HyunA, Il Hoon Jung",,Korea,Kpop,Korean,202,K,,
Red,,HyunA,,Korea,Kpop,Korean,199,K,,
BABE,,HyunA,,Korea,Kpop,Korean,193,K,2017,8
Freaky,,HyunA,,Korea,Kpop,Korean,197,K,,
"Party, Feel, Love (feat. DAWN)",,"HyunA, DAWN",,Korea,Kpop,Korean,209,K,,
Ice Ice (feat. Ji Dam Yook),,"HyunA, Ji Dam Yook",,Korea,Kpop,Korean,196,K,,
Run & Run (Intro),,HyunA,,Korea,Kpop,Korean,91,K,2015,8
Don't Recall,,KARD,,Korea,Kpop,Korean,208,K,2017,7
Hola Hola,,KARD,,Korea,Kpop,Korean,202,K,2017,7
You In Me,,KARD,,Korea,Kpop,Korean,203,K,2017,11
Dímelo,Dímelo,KARD,,Korea,Kpop,Korean,201,K,2018,7
Living Good (Special thanks to.),,KARD,,Korea,Kpop,Korean,215,K,2017,7
I can't stop,,KARD,,Korea,Kpop,Korean,229,K,,
I Don't Stop,,Zam,,Korea,Kpop,Korean,244,Ox,,
ENEMY,,KARD,,Korea,Kpop,Korean,175,K,2020,2
Moonlight,,KARD,,Korea,Kpop,Korean,199,K,2018,7
Lo Siento (feat. KARD),,"SUPER JUNIOR, KARD",,Korea,Kpop,Korean,226,K,,
Forces Of Viktry,,Linton Kwesi Johnson,,UK,Dub poetry,English,294,Reggae,2015,
Indapendent Intavenshan,,Linton Kwesi Johnson,,UK,Dub poetry,English,259,Reggae,,
Reality Poem,,Linton Kwesi Johnson,,UK,Dub poetry,English,284,Reggae,1981,
Reggae Sounds,,Linton Kwesi Johnson,,UK,Dub poetry,English,188,Reggae,1998,
Clampdown,,The Clash,,UK,Rock,English,229,Ox,,
The Guns of Brixton,,The Clash,,UK,Rock,English,189,Ox,,
Имя 505,Ymja 505,Время и Стекло,Vremja y Steklo,Ukraine,Hip-house,Russian,198,R/U,2015,12
Песня 404,Pesnja 404,Время и Стекло,Vremja y Steklo,Ukraine,Hip-house,Russian,213,R/U,2015,12
Back2Leto,,Время и Стекло,Vremja y Steklo,Ukraine,Hip-house,Russian,187,R/U,2017,
На Cтиле,Na Ctyle,Время и Стекло,Vremja y Steklo,Ukraine,Hip-house,Russian,225,R/U,,
Дим,Dym,Время и Стекло,Vremja y Steklo,Ukraine,Hip-house,Russian,197,R/U,2019,3
Навернопотомучто,Navernopotomuchto,Время и Стекло,Vremja y Steklo,Ukraine,Hip-house,Russian,190,R/U,2016,
Vislovo,,Время и Стекло,Vremja y Steklo,Ukraine,Hip-house,Russian,186,R/U,2019,7
Ритм 122,Rytm 122,Время и Стекло,Vremja y Steklo,Ukraine,Hip-house,Russian,263,R/U,2015,12
Опасно 220,Opasno 220,Время и Стекло,Vremja y Steklo,Ukraine,Hip-house,Russian,176,R/U,2015,12
Кружить - Repaired,Kruzhyt' - Repaired,MONATIK,,Ukraine,Pop,Ukrainian,198,R/U,,
Vitamin D - Repaired,,MONATIK,,Ukraine,Pop,Ukrainian,209,R/U,,
одасвобода,odasvoboda,MONATIK,,Ukraine,Pop,Ukrainian,154,R/U,,
夜,yoru,MUCC,,Japan,Jrock,Japanese,337,J,2013,10
絶望,zetsubou,MUCC,,Japan,Jrock,Japanese,263,J,2004,12
Libra,,MUCC,,Japan,Jrock,Japanese,294,J,,
Saishuuressha,,MUCC,,Japan,Jrock,Japanese,238,J,,
流星,ryuusei,MUCC,,Japan,Jrock,Japanese,279,J,2010,3
茫然自失,bouzen jishitsu,MUCC,,Japan,Jrock,Japanese,272,J,2008,12
KINSENKA,,MUCC,,Japan,Jrock,Japanese,273,K,,
25時の憂鬱,25 tokino yuuutsu,MUCC,,Japan,Jrock,Japanese,362,J,2007,11
ファズ - ELECTRO CRUISIN' MIX,fazu  - ELECTRO CRUISIN' MIX,MUCC,,Japan,Jrock,Japanese,295,J,,
月光,gekkou,MUCC,,Japan,Jrock,Japanese,238,J,2007,11
GOKUSAI,,MUCC,,Japan,Jrock,Japanese,281,J,,
Nageki dori to doukebito,,MUCC,,Japan,Jrock,Japanese,236,J,,
Waga Arubekibasho,,MUCC,,Japan,Jrock,Japanese,285,J,,
路地裏 僕と君へ,rojiura   boku to kun he,MUCC,,Japan,Jrock,Japanese,262,J,2007,11
輝く世界,kagayaku sekai,MUCC,,Japan,Jrock,Japanese,326,J,,
赤線,akasen,MUCC,,Japan,Jrock,Japanese,188,J,,
New York New York,,Nina Hagen,,Germany,New wave,German,317,,2000,
Naturträne,Naturträne,Nina Hagen,,Germany,New wave,German,198,,2005,7
Cosma Shiva,,Nina Hagen,,Germany,New wave,German,198,,2010,7
Born in Xixax,,Nina Hagen,,Germany,New wave,English,174,,2021,
Future Is Now,,Nina Hagen,,Germany,New wave,German,175,,1991,
Wir leben immer ... noch (Lucky Number),,Nina Hagen,,Germany,New wave,German,294,,,
TV-Glotzer (White Punks On Dope),,Nina Hagen,,Germany,New wave,German,313,,2022,11
Heiss,,Nina Hagen,,Germany,New wave,German,251,,,
Unbeschreiblich Weiblich,,Nina Hagen,,Germany,New wave,German,210,,1979,
Smack Jack,,Nina Hagen,,Germany,New wave,English,316,,2020,
Beautiful Stranger,,f(x),,Korea,Kpop,Korean,248,K,2016,7
My Style,,f(x),,Korea,Kpop,Korean,222,K,2011,4
Step,,f(x),,Korea,Kpop,Korean,215,K,2013,7
Deja Vu,,f(x),,Korea,Kpop,Korean,220,K,2016,7
Traveler (feat. ZICO),,"f(x), ZICO",,Korea,Kpop,Korean,218,K,,
Papi,,f(x),,Korea,Kpop,Korean,185,K,2016,7
When I'm Alone,,f(x),,Korea,Kpop,Korean,203,K,2015,10
Zig Zag,,f(x),,Korea,Kpop,Korean,228,K,,
Chu~♡,Chu~♡,f(x),,Korea,Kpop,Korean,190,K,,
4 Walls,,f(x),,Korea,Kpop,Korean,207,K,2015,10
Mr. Boogie,,f(x),,Korea,Kpop,Korean,180,K,2010,5
Ice Cream,,f(x),,Korea,Kpop,Korean,186,K,2016,7
Dracula,,f(x),,Korea,Kpop,Korean,194,K,,
All Night,,f(x),,Korea,Kpop,Korean,210,K,,
Dangerous,,f(x),,Korea,Kpop,Korean,195,K,2011,6
Sweet Witches,,f(x),,Korea,Kpop,Korean,209,K,2016,7
MILK,,f(x),,Korea,Kpop,Korean,215,K,,
Signal,,f(x),,Korea,Kpop,Korean,200,K,2013,7
Airplane,,f(x),,Korea,Kpop,Korean,214,K,2016,7
Rude Love,,f(x),,Korea,Kpop,Korean,258,K,2015,10
Love,,f(x),,Korea,Kpop,Korean,195,K,2015,10
Lollipop (feat. SHINee),,"f(x), SHINee",,Korea,Kpop,Korean,190,K,,
Erode,,Dir en grey,,Japan,Jrock,Japanese,390,J,,
Schwein No Isu,,Dir en grey,,Japan,Jrock,Japanese,217,J,,
YURAMEKI,,Dir en grey,,Japan,Jrock,Japanese,305,J,2024,1
raison detre,,Dir en grey,,Japan,Jrock,Japanese,288,J,2004,3
"304 Goushitsu, Hakushi No Sakura",,Dir en grey,,Japan,Jrock,Japanese,318,J,,
YOKAN,,Dir en grey,,Japan,Jrock,Japanese,279,J,,
MASK,,Dir en grey,,Japan,Jrock,Japanese,265,J,2000,2
ZAN,,Dir en grey,,Japan,Jrock,Japanese,303,J,2004,3
Deity,,Dir en grey,,Japan,Jrock,Japanese,255,J,2007,12
MYAKU,,Dir en grey,,Japan,Jrock,Japanese,245,J,,
WAKE,,Dir en grey,,Japan,Jrock,Japanese,312,J,,
Hydra,,Dir en grey,,Japan,Jrock,Japanese,341,K,,
audrey,,Dir en grey,,Japan,Jrock,Japanese,273,J,2018,8
鬼眼-kigan-,oni me -kigan-,Dir en grey,,Japan,Jrock,Japanese,245,J,2017,3
FILTH,,Dir en grey,,Japan,Jrock,Japanese,295,J,,
embryo,,Dir en grey,,Japan,Jrock,Japanese,340,J,2002,3
Gyakujou Tannou Keloid Milk,,Dir en grey,,Japan,Jrock,Japanese,283,J,,
undecided,,Dir en grey,,Japan,Jrock,Japanese,293,J,2009,4
JESSICA,,Dir en grey,,Japan,Jrock,Japanese,253,J,,
鴉-karasu-,karasu -karasu-,Dir en grey,,Japan,Jrock,Japanese,326,J,2020,1
audience KILLER LOOP,,Dir en grey,,Japan,Jrock,Japanese,219,J,2006,5
THE IIID EMPIRE,,Dir en grey,,Japan,Jrock,Japanese,185,J,2004,3
G.D.S.,,Dir en grey,,Japan,Jrock,Japanese,466,J,2024,4
RED... [em],,Dir en grey,,Japan,Jrock,Japanese,301,J,2017,3
Merciless Cult,,Dir en grey,,Japan,Jrock,Japanese,175,J,,
MARLAMADE CHAINSAW,,Dir en grey,,Japan,Jrock,Japanese,253,J,,
CHILD PREY,,Dir en grey,,Japan,Jrock,Japanese,232,J,2004,3
AMBER,,Dir en grey,,Japan,Jrock,Japanese,288,J,2017,3
朔-saku-,saku -saku-,Dir en grey,,Japan,Jrock,Japanese,177,J,2005,11
"KODOKU NI SHISU, YUENI KODOKU",,Dir en grey,,Japan,Jrock,Japanese,205,J,,
ITOSHISA HA FUHAI NITSUKI,,Dir en grey,,Japan,Jrock,Japanese,255,J,,
GARBAGE,,Dir en grey,,Japan,Jrock,Japanese,169,J,2009,9
The Final,,Dir en grey,,Japan,Jrock,Japanese,252,J,2007,2
SPILLED MILK,,Dir en grey,,Japan,Jrock,Japanese,224,J,2006,5
HIGEKI HA MABUTA WO OROSHITA YASASHIKI UTSU,,Dir en grey,,Japan,Jrock,Japanese,308,J,,
CONCEIVED SORROW,,Dir en grey,,Japan,Jrock,Japanese,289,J,2019,8
RYOJOKU NO AME,,Dir en grey,,Japan,Jrock,Japanese,242,J,,
SA BIR,,Dir en grey,,Japan,Jrock,,120,J,2009,9
DOZING GREEN,,Dir en grey,,Japan,Jrock,Japanese,246,J,2008,11
umbrella,,Dir en grey,,Japan,Jrock,Japanese,246,J,2017,3
children,,Dir en grey,,Japan,Jrock,Japanese,241,J,2004,3
BYOU 「」SHIN,BYOU 「」SHIN,Dir en grey,,Japan,Jrock,Japanese,337,J,,
GLASS SKIN,,Dir en grey,,Japan,Jrock,Japanese,270,J,2010,6
ISOLATION,,Dir en grey,,Japan,Jrock,Japanese,122,J,2026,4
Discard,,Dir en grey,,Japan,Jrock,Japanese,295,J,,
Void,,Dir en grey,,Japan,Jrock,Japanese,362,J,2026,4
Posse In Effect,,Beastie Boys,,USA,Hip hop,English,146,Ox,,
Slow And Low,,Beastie Boys,,USA,Hip hop,English,218,Cx,,
"Hold It Now, Hit It",,Beastie Boys,,USA,Hip hop,English,206,Ox,1997,
Rewind,,Wonder Girls,,Korea,Kpop,Korean,213,K,2015,8
Why So Lonely,,Wonder Girls,,Korea,Kpop,Korean,206,K,,
GONE,,Wonder Girls,,Korea,Kpop,Korean,221,K,2015,8
I Feel You,,Wonder Girls,,Korea,Kpop,Korean,205,K,2015,8
Baby Don't Play,,Wonder Girls,,Korea,Kpop,Korean,211,K,2015,8
Candle (feat. Paloalto),,"Wonder Girls, Paloalto",,Korea,Kpop,Korean,224,K,,
비밀은 없어,bimil-eun eobs-eo,룰라,lulla,Korea,Kpop,Korean,243,K,,
Moving,,룰라,lulla,Korea,Kpop,Korean,276,K,,
사랑법,salangbeob,룰라,lulla,Korea,Kpop,Korean,226,K,,
Prayer (Good),,룰라,lulla,Korea,Kpop,Korean,245,K,,
천상유애(天上有愛),  ( tenjou ari ai ),룰라,lulla,Korea,Kpop,Korean,259,K,,
영웅은 어디로,yeong-ung-eun eodilo,룰라,lulla,Korea,Kpop,Korean,205,K,,
프로와 아마츄어,peulo-wa amachyu-eo,룰라,lulla,Korea,Kpop,Korean,226,K,,
Hotel California,,룰라,lulla,Korea,Kpop,English,264,K,,
Koreana In New York,,룰라,lulla,Korea,Kpop,English,196,K,,
사랑의 기도,salang-ui gido,룰라,lulla,Korea,Kpop,Korean,212,K,,
흔들리며,heundeullimyeo,룰라,lulla,Korea,Kpop,Korean,220,K,,
연인,yeon-in,룰라,lulla,Korea,Kpop,Korean,225,K,,
3!4!,,룰라,lulla,Korea,Kpop,Korean,249,K,,
안녕,annyeong,룰라,lulla,Korea,Kpop,Korean,217,K,,
날개 잃은 천사,nalgae ilh-eun cheonsa,룰라,lulla,Korea,Kpop,Korean,242,K,,
American Money,,SEATBELTS,,Japan,Airbreak,English,67,J,,
Fantaisie Sign,,Carla Vallet,,Japan,Pop,French,318,J,2023,12
Bindy,,SEATBELTS,,Japan,Jazz,,138,J,,
Time to Know - Be Waltz,,SEATBELTS,,Japan,Jazz,,229,J,,
The Real Man,,SEATBELTS,,Japan,Jazz,,240,J,,
Flip Reverse,,장우혁,jang-uhyeog,Korea,Kpop,Korean,197,K,2005,9
Pump Flow,,장우혁,jang-uhyeog,Korea,Kpop,Korean,219,K,2005,9
지지 않는 태양,jiji anhneun tae-yang,장우혁,jang-uhyeog,Korea,Kpop,Korean,214,K,2005,9
Shake it Shake It!,,장우혁,jang-uhyeog,Korea,Kpop,Korean,215,K,2005,9
S Scenario,,장우혁,jang-uhyeog,Korea,Kpop,Korean,215,K,,
WEEKAND,,장우혁,jang-uhyeog,Korea,Kpop,Korean,193,K,,
PIToRRO DE COCO,,Bad Bunny,,USA,Reggaeton,Spanish,206,Latin,2025,1
Neverita,,Bad Bunny,,USA,Latin,Spanish,173,Latin,2022,5
Ojitos Lindos (feat. Bomba Estéreo),,"Bomba Estéreo, Bad Bunny",Bomba Estéreo,USA,Latin,Spanish,258,Latin,,
Otro Atardecer (feat. The Marías),,"Bad Bunny, The Marías",The Marías,USA,Latin,Spanish,244,Latin,,
Me Fui de Vacaciones,,Bad Bunny,,USA,Latin,Spanish,180,Latin,2022,8
NUEVAYoL,,Bad Bunny,,USA,Latin,Spanish,183,Latin,,
WELTiTA (feat. Chuwi),,"Bad Bunny, Chuwi",,USA,Latin,Spanish,187,Latin,,
LO QUE LE PASÓ A HAWAii,LO QUE LE PASÓ A HAWAii,Bad Bunny,,USA,Latin,Spanish,229,Latin,2025,1
Yo Perreo Sola,,Bad Bunny,,USA,Latin,Spanish,172,Latin,,
Después de la Playa,Después de la Playa,Bad Bunny,,USA,Latin,Spanish,230,Latin,2022,5
Amarillo,,J Balvin,,Colombia,Latin trap,Spanish,157,Latin,2020,6
The Man with the Machine Gun,,Nobuo Uematsu,,Japan,Soundtrack,,216,Soundtrack,,
NICE TRY,,Dev Lemons,,USA,Alt pop,English,120,,2025,6
MEDIA TRAIN,,Dev Lemons,,USA,Alt pop,English,123,,2025,8
DON'T PINCH ME,,Dev Lemons,,USA,Alt pop,English,162,,2025,8
NOTHING CHANGES,,Dev Lemons,,USA,Alt pop,English,219,,2025,8
BROKE YOUR COVER,,Dev Lemons,,USA,Alt pop,English,187,,2025,8
You Tear Me Apart,,Dev Lemons,,USA,Alt pop,English,177,,2023,4
In The Party (feat. Billy Lemos),,"Dev Lemons, Billy Lemos",,USA,Alt Pop,English,156,,,
Give Mama A Hug,,Dev Lemons,,USA,Alt pop,English,173,,2024,2
Freak Show,,Dev Lemons,,USA,Alt pop,English,128,,2024,3
Guessing Games,,Dev Lemons,,USA,Alt pop,English,187,,2021,8
Sirocco,,Loco Mía,Loco Mía,Spain,Pop,Spanish,277,Latin,1991,
Locomia,,Loco Mía,Loco Mía,Spain,Pop,Spanish,345,Latin,,
R S M (Rumba Samba Mambo),,Loco Mía,Loco Mía,Spain,Pop,Spanish,367,Latin,2007,4
Loco Vox,,Loco Mía,Loco Mía,Spain,Pop,Spanish,228,Latin,2007,4
Sueño de Papel,Sueño de Papel,Loco Mía,Loco Mía,Spain,Pop,Spanish,202,Latin,,
Te Lo Voy A Dar 'Pumba Pumba-Cha Cha Cha',,Loco Mía,Loco Mía,Spain,Pop,Spanish,299,Latin,,
Move Your Body,,Loco Mía,Loco Mía,Spain,Pop,Spanish,286,Latin,2007,4
Obsesiva 'Abgefahrn',,Loco Mía,Loco Mía,Spain,Pop,Spanish,453,Latin,2007,4
Party Time,,Loco Mía,Loco Mía,Spain,Pop,Spanish,350,Latin,2007,4
WHITE SONG,,HYDE,,Japan,Pop,Japanese,315,J,,
OASIS,,HYDE,,Japan,Pop,Japanese,276,J,2002,7
A DROP OF COLOUR,,HYDE,,Japan,Pop,Japanese,273,J,,
Sugar Free,,T-ARA,,Korea,Pop,Korean,235,K,,
ROLY-POLY,,T-ARA,,Korea,Pop,Korean,214,K,,
SEXY LOVE,,T-ARA,,Korea,Pop,Korean,225,K,,
Lovey-Dovey,,T-ARA,,Korea,Pop,Korean,215,K,2012,10
(It Goes Like) Nanana - Edit,,Peggy Gou,,Korea,Deep house,English,231,K,,
I Go - Edit,,Peggy Gou,,Korea,Deep house,English,224,K,,
1+1=11 - Edit,,Peggy Gou,,Korea,Deep house,English,190,K,,
Sugar Water Cyanide,,Rebecca Black,,USA,Pop,English,174,Pop,2025,2
TRUST!,,Rebecca Black,,USA,Pop,English,171,Pop,2025,2
Salvation,,Rebecca Black,,USA,Pop,English,200,Pop,2025,2
Crumbs,,Rebecca Black,,USA,Pop,English,193,Pop,2023,2
Twist The Knife,,Rebecca Black,,USA,Pop,English,205,Pop,2025,2
Tears In My Pocket,,Rebecca Black,,USA,Pop,English,177,Pop,2025,2
Do You Even Think About Me?,,Rebecca Black,,USA,Pop,English,196,Pop,2025,2
Tukoh Taka - Official FIFA Fan Festival™ Anthem,Tukoh Taka - Official FIFA Fan Festival™ Anthem,"Nicki Minaj, Maluma, Myriam Fares, FIFA Sound",,idk,Pop,Various,178,talk over Nicki lol,,
Loba,,Shakira,,Colombia,Pop,Spanish,188,Latin,2009,
"Shakira: Bzrp Music Sessions, Vol. 53/66",,"Shakira, Bizarrap",,Colombia,Pop,Spanish,214,Latin,,
Choka Choka,,"Anitta, Shakira",,Brasil,Pop,"Spanish, Portuguese",131,Latin,2026,4
Te Felicito,,"Shakira, Rauw Alejandro",,Colombia,Pop,Spanish,172,Latin,2024,3
TODO ROTO,,"Nathy Peluso, CA7RIEL, Paco Amoroso",,Spain,Pop,Spanish,187,Latin,,
SALVAJE,,Nathy Peluso,,Spain,Pop,Spanish,205,Latin,2023,7
REAL,,Nathy Peluso,,Spain,Pop,Spanish,179,Latin,,
DELITO,,Nathy Peluso,,Spain,Pop,Spanish,203,Latin,2020,10
Pulse,,KAZAKY,,Ukraine,Pop,English,190,R/U,2013,12
Touch Me,,KAZAKY,,Ukraine,Pop,English,200,R/U,2013,7
Crazy Law,,KAZAKY,,Ukraine,Pop,English,231,R/U,2013,7
Lowkey,,Kari Faux,,USA,Pop,English,169,,2017,9
Paradinha,,Anitta,,Brasil,Pop,Portuguese,141,Latin,2017,5
Bang,,Anitta,,Brasil,Pop,Portuguese,190,Latin,2015,10
Medicina,,Anitta,,Brasil,Pop,Portuguese,141,Latin,2018,7
Na batida,,Anitta,,Brasil,Pop,Portuguese,163,Latin,2014,7
Kiat Jud Dong,,DJ Red Core,,Philippines,Budots,Cebuano,257,BUDOTS,,
Basuri - Budots,,DJ KRZ,,Philippines,Budots,,200,BUDOTS,,
Di Ko Kaya Mag Inom Hanggang Umaga - Budots,,DJ Sandy,,Philippines,Budots,Tagalog,257,Budots,,
"Emergency (feat. Prezioso, Marvin & Andrea Prezioso)",,"DJ Johnrey, Prezioso, Marvin & Andrea Prezioso",,Philippines,Budots,English,151,Budots,,
野花香 - DJ咚鼓版,nobana kaori  - DJ  han,豪大大,gou dai dai,China,Jiafei,Chinese,153,Jiafei,,
